Land,Deutschlernende gesamt 2020 ,Gesamtzahl Schüler*innen im Gastland 2020,Schulen mit Fremdsprachenunterricht 2020 ,Schulen mit DaF 2020 ,Deutschlehrkräfte 2020 ,DaF-Lernende Schulbereich 2020 ,Zuwachs/ Rückgang der DaF-Lernenden im Schulbereich im Vergleich 2015 zu 2020,Hochschulen mit Deutsch allgemein 2020 ,Deutsch lernende Studierende 2020 ,Zuwachs/ Rückgang der Deutsch lernenden Studierenden im Vergleich 2015 zu 2020,Außerschulische/ außeruniversitäre DaF-Einrichtungen 2020 ,DaF-Lernende an außerschulischen/ außeruniversitären Einrichtungen 2020 ,DaF-Lernende an Goethe-Instituten 2020 ,Perspektive Schulbereich [Trend von 2015 zu 2020] ,,,,,,,,,,,,,,,,,,,,,,,,,,,,,,,,,,,,,,,,,,,,,
Afghanistan,10823,7000000,12000,8,22,10000,2223,3,823,123,0,0,0,+,,,,,,,,,,,,,,,,,,,,,,,,,,,,,,,,,,,,,,,,,,,,,
Ägypten,405262,21199759,48042,2083,1952,371432,142012,36,18974,6896,34,5500,9356,+,,,,,,,,,,,,,,,,,,,,,,,,,,,,,,,,,,,,,,,,,,,,,
Albanien,40872,501902,k.A.,146,131,19142,,15,2230,,100,15000,4500,k.A.,,,,,,,,,,,,,,,,,,,,,,,,,,,,,,,,,,,,,,,,,,,,,
Algerien,48550,9270000,20300,4000,360,35000,17027,10,4000,1200,200,7000,2550,+,,,,,,,,,,,,,,,,,,,,,,,,,,,,,,,,,,,,,,,,,,,,,
Angola,1,7757804,k.A.,0,0,k.A.,,0,0,,1,1,0,k.A.,,,,,,,,,,,,,,,,,,,,,,,,,,,,,,,,,,,,,,,,,,,,,
Argentinien,31550,12536492,k.A.,65,470,20000,-5000,47,4100,800,30,2500,4950,-,,,,,,,,,,,,,,,,,,,,,,,,,,,,,,,,,,,,,,,,,,,,,
Armenien,39938,382525,1409,225,500,36955,7147,13,2363,492,1,620,0,+,,,,,,,,,,,,,,,,,,,,,,,,,,,,,,,,,,,,,,,,,,,,,
Aserbaidschan,54473,1560606,4222,239,331,44879,28044,22,2294,1914,20,7300,0,+,,,,,,,,,,,,,,,,,,,,,,,,,,,,,,,,,,,,,,,,,,,,,
Äthiopien,1323,23342255,39231,3,12,275,9,2,59,23,0,0,989,+,,,,,,,,,,,,,,,,,,,,,,,,,,,,,,,,,,,,,,,,,,,,,
Australien,100210,3893834,k.A.,570,916,95500,-5000,16,2500,-449,33,k.A.,2210,-,,,,,,,,,,,,,,,,,,,,,,,,,,,,,,,,,,,,,,,,,,,,,
Bangladesch,3686,35637087,175266,5,23,1380,692,8,500,75,1,220,1586,+,,,,,,,,,,,,,,,,,,,,,,,,,,,,,,,,,,,,,,,,,,,,,
Belarus,127995,1601006,3510,1860,2430,108000,-17000,48,18000,-326,1166,0,1995,-,,,,,,,,,,,,,,,,,,,,,,,,,,,,,,,,,,,,,,,,,,,,,
Belgien,85205,2053334,4170,707,800,72718,-37632,18,6850,-4870,72,4383,1254,-,,,,,,,,,,,,,,,,,,,,,,,,,,,,,,,,,,,,,,,,,,,,,
Benin,57329,650564,700,700,505,55216,21216,3,1800,478,4,313,0,+,,,,,,,,,,,,,,,,,,,,,,,,,,,,,,,,,,,,,,,,,,,,,
Bolivien,12202,2859592,k.A.,8,89,8652,495,2,172,-19,2,1410,1968,+,,,,,,,,,,,,,,,,,,,,,,,,,,,,,,,,,,,,,,,,,,,,,
Bosnien-Herzegowina,159301,432983,2128,k.A.,840,155801,-112558,20,k.A.,,k.A.,k.A.,3500,-,,,,,,,,,,,,,,,,,,,,,,,,,,,,,,,,,,,,,,,,,,,,,
Botswana,k.A.,k.A.,k.A.,k.A.,k.A.,k.A.,,k.A.,k.A.,,k.A.,k.A.,0,k.A.,,,,,,,,,,,,,,,,,,,,,,,,,,,,,,,,,,,,,,,,,,,,,
Brasilien,117301,48455867,101896,346,462,79976,435,59,11032,-1878,162,18543,7750,+,,,,,,,,,,,,,,,,,,,,,,,,,,,,,,,,,,,,,,,,,,,,,
Bulgarien,125150,717220,2370,575,1010,85481,-12477,32,25000,,40,12409,2260,-,,,,,,,,,,,,,,,,,,,,,,,,,,,,,,,,,,,,,,,,,,,,,
Burkina Faso,92150,4518537,5861,2051,610,88640,48568,2,3300,1299,1,210,0,+,,,,,,,,,,,,,,,,,,,,,,,,,,,,,,,,,,,,,,,,,,,,,
Burundi,165,600000,1000,2,5,57,,1,80,,1,28,0,k.A.,,,,,,,,,,,,,,,,,,,,,,,,,,,,,,,,,,,,,,,,,,,,,
Chile,26592,3809995,11858,28,484,23000,3000,11,742,-1008,12,350,2500,+,,,,,,,,,,,,,,,,,,,,,,,,,,,,,,,,,,,,,,,,,,,,,
China Taiwan (Taipeh),23609,3166519,10068,95,130,6130,770,81,5000,600,k.A.,6964,5515,+,,,,,,,,,,,,,,,,,,,,,,,,,,,,,,,,,,,,,,,,,,,,,
China VR (3),144805,231195875,387303,203,496,23436,11236,338,54722,9722,k.A.,58098,8549,+,,,,,,,,,,,,,,,,,,,,,,,,,,,,,,,,,,,,,,,,,,,,,
Costa Rica,5898,996949,4335,4,49,1833,684,3,226,-224,4,1285,2554,+,,,,,,,,,,,,,,,,,,,,,,,,,,,,,,,,,,,,,,,,,,,,,
Côte d'Ivoire,436940,k.A.,17615,1631,2545,431819,231819,3,2145,919,1,1488,1488,+,,,,,,,,,,,,,,,,,,,,,,,,,,,,,,,,,,,,,,,,,,,,,
Dänemark,355000,853234,2490,2156,8550,355000,136018,10,k.A.,,k.A.,k.A.,0,+,,,,,,,,,,,,,,,,,,,,,,,,,,,,,,,,,,,,,,,,,,,,,
Dominikanische Republik,2600,2736697,k.A. ,k.A.,k.A.,k.A.,,2,100,,8,2500,0,k.A.,,,,,,,,,,,,,,,,,,,,,,,,,,,,,,,,,,,,,,,,,,,,,
Ecuador,8600,3779552,12000,10,80,5000,300,5,500,0,1,500,2600,+,,,,,,,,,,,,,,,,,,,,,,,,,,,,,,,,,,,,,,,,,,,,,
El Salvador,1690,1449421,35,1,31,890,-54,1,400,,2,400,k.A.,-,,,,,,,,,,,,,,,,,,,,,,,,,,,,,,,,,,,,,,,,,,,,,
Estland,13731,180037,561,255,289,12857,-3154,9,448,-761,k.A.,k.A. ,426,-,,,,,,,,,,,,,,,,,,,,,,,,,,,,,,,,,,,,,,,,,,,,,
Finnland,36625,1154736,2974,k.A.,k.A.,33395,-4302,14,2743,-6973,3,314,173,-,,,,,,,,,,,,,,,,,,,,,,,,,,,,,,,,,,,,,,,,,,,,,
Frankreich,1185680,12891350,62200,8595,6600,1145061,146312,593,36712,-34544,k.A.,k.A.,3907,+,,,,,,,,,,,,,,,,,,,,,,,,,,,,,,,,,,,,,,,,,,,,,
Gabun,4363,766681,290,44,41,4156,,2,180,,2,27,0,k.A.,,,,,,,,,,,,,,,,,,,,,,,,,,,,,,,,,,,,,,,,,,,,,
Georgien,33202,575181,2308,401,606,29000,-638,21,2002,,k.A.,k.A.,2200,-,,,,,,,,,,,,,,,,,,,,,,,,,,,,,,,,,,,,,,,,,,,,,
Ghana,3838,3146779,28355,20,25,2000,1400,3,238,38,1,800,800,+,,,,,,,,,,,,,,,,,,,,,,,,,,,,,,,,,,,,,,,,,,,,,
Griechenland,257608,1445682,9400,k.A.,5737,254302,18160,k.A.,k.A.,,5692,k.A.,3306,+,,,,,,,,,,,,,,,,,,,,,,,,,,,,,,,,,,,,,,,,,,,,,
Großbritannien,1168380,13300000,30000,4000,2000,1150000,-383840,125,15580,4580,k.A.,k.A.,2800,-,,,,,,,,,,,,,,,,,,,,,,,,,,,,,,,,,,,,,,,,,,,,,
Guatemala,5988,4215965,40000,15,53,3093,-668,3,2140,644,6,755,k.A.,-,,,,,,,,,,,,,,,,,,,,,,,,,,,,,,,,,,,,,,,,,,,,,
Guinea,1808,5079102,k.A.,2,16,1200,,2,208,,3,400,0,k.A.,,,,,,,,,,,,,,,,,,,,,,,,,,,,,,,,,,,,,,,,,,,,,
Haiti,68,3785000,k.A.,k.A.,k.A.,k.A.,,1,k.A.,,1,68,k.A.,k.A.,,,,,,,,,,,,,,,,,,,,,,,,,,,,,,,,,,,,,,,,,,,,,
Honduras,1328,2025566,k.A.,3,24,210,-40,2,280,77,5,838,0,-,,,,,,,,,,,,,,,,,,,,,,,,,,,,,,,,,,,,,,,,,,,,,
Hongkong,10158,881896,2179,9,24,1326,362,6,1789,189,8,1600,5443,+,,,,,,,,,,,,,,,,,,,,,,,,,,,,,,,,,,,,,,,,,,,,,
Indien,211038,285000000,9650,770,831,149000,42000,106,30000,27700,140,11500,20538,+,,,,,,,,,,,,,,,,,,,,,,,,,,,,,,,,,,,,,,,,,,,,,
Indonesien,164422,45428511,216566,1200,1500,150000,-2500,15,3393,44,66,3538,7491,-,,,,,,,,,,,,,,,,,,,,,,,,,,,,,,,,,,,,,,,,,,,,,
Irak,1669,8130440,29352,5,7,1025,-540,2,349,-176,n.b,n.b,295,-,,,,,,,,,,,,,,,,,,,,,,,,,,,,,,,,,,,,,,,,,,,,,
Iran,37428,14007736,100000,8,24,330,30,8,398,-5602,15,29000,7700,+,,,,,,,,,,,,,,,,,,,,,,,,,,,,,,,,,,,,,,,,,,,,,
Irland,73603,960039,720,427,1350,71499,16535,8,1851,-2349,23,23,230,+,,,,,,,,,,,,,,,,,,,,,,,,,,,,,,,,,,,,,,,,,,,,,
Island,4076,69610,211,32,k.A.,3979,-568,2,52,-35,3,45,0,-,,,,,,,,,,,,,,,,,,,,,,,,,,,,,,,,,,,,,,,,,,,,,
Israel,2735,1531144,"4,592",6,5,300,0,6,573,-114,6,600,1262,=,,,,,,,,,,,,,,,,,,,,,,,,,,,,,,,,,,,,,,,,,,,,,
Italien,457883,7682635,57831,3200,3800,429193,30710,52,20410,-9590,k.A.,k.A.,8280,+,,,,,,,,,,,,,,,,,,,,,,,,,,,,,,,,,,,,,,,,,,,,,
Jamaika,54,454216,200,2,3,27,,2,k.A.,,2,27,0,k.A.,,,,,,,,,,,,,,,,,,,,,,,,,,,,,,,,,,,,,,,,,,,,,
Japan,242153,15649000,40659,102,1950,3542,194,479,225355,1355,301,8778,4478,+,,,,,,,,,,,,,,,,,,,,,,,,,,,,,,,,,,,,,,,,,,,,,
Jordanien,8746,2051841,7262,12,22,3120,2520,2,2441,-1829,7,1300,1885,+,,,,,,,,,,,,,,,,,,,,,,,,,,,,,,,,,,,,,,,,,,,,,
Kambodscha,697,2333607,350,0,0,0,0,2,22,22,0,0,675,=,,,,,,,,,,,,,,,,,,,,,,,,,,,,,,,,,,,,,,,,,,,,,
Kamerun,239815,9294296,2872,2472,2367,230000,9543,8,1887,87,24,4600,3328,+,,,,,,,,,,,,,,,,,,,,,,,,,,,,,,,,,,,,,,,,,,,,,
Kanada,31973,5117328,11000,345,603,15000,-800,36,15115,-3108,k.A.,k.A.,1858,-,,,,,,,,,,,,,,,,,,,,,,,,,,,,,,,,,,,,,,,,,,,,,
Kasachstan,23034,3050770,7047,62,161,12978,-7156,22,3544,1749,k.A. ,k.A.,6512,-,,,,,,,,,,,,,,,,,,,,,,,,,,,,,,,,,,,,,,,,,,,,,
Kenia,13125,16000000,20000,200,300,10000,7464,6,625,-61,50,500,2000,+,,,,,,,,,,,,,,,,,,,,,,,,,,,,,,,,,,,,,,,,,,,,,
Kirgisistan,24829,600000,2227,75,152,15413,-5562,32,8662,1895,k.A. ,k.A.,754,-,,,,,,,,,,,,,,,,,,,,,,,,,,,,,,,,,,,,,,,,,,,,,
Kolumbien,19433,19833092,27665,19,160,9101,1763,38,8001,3001,22,1981,350,+,,,,,,,,,,,,,,,,,,,,,,,,,,,,,,,,,,,,,,,,,,,,,
Kosovo,9099,345540,1118,1118,67,2000,0,12,5867,,k.A,k.A,1232,=,,,,,,,,,,,,,,,,,,,,,,,,,,,,,,,,,,,,,,,,,,,,,
Kroatien,181177,464475,2471,2471,1919,154879,-15121,k.A.,1058,,46,24052,1188,-,,,,,,,,,,,,,,,,,,,,,,,,,,,,,,,,,,,,,,,,,,,,,
Kuba,2401,1628793,9016,7,9,385,,4,430,,14,1200,386,k.A.,,,,,,,,,,,,,,,,,,,,,,,,,,,,,,,,,,,,,,,,,,,,,
Laos,65,1500000,0,0,4,0,0,1,65,27,0,0,0,=,,,,,,,,,,,,,,,,,,,,,,,,,,,,,,,,,,,,,,,,,,,,,
Lettland,25514,205113,748,281,375,22763,426,13,970,-69,20,350,1431,+,,,,,,,,,,,,,,,,,,,,,,,,,,,,,,,,,,,,,,,,,,,,,
Libanon,5400,350,350,6,10,1500,-835,2,400,200,8,2000,1500,-,,,,,,,,,,,,,,,,,,,,,,,,,,,,,,,,,,,,,,,,,,,,,
Litauen,27959,356498,1163,570,299,25497,-3218,15,1412,-3421,42,1050,0,-,,,,,,,,,,,,,,,,,,,,,,,,,,,,,,,,,,,,,,,,,,,,,
Madagaskar,35767,7245538,7540,167,153,32363,2081,8,388,-290,10,1500,1516,+,,,,,,,,,,,,,,,,,,,,,,,,,,,,,,,,,,,,,,,,,,,,,
Malawi,105,5575203,k.A.,1,1,105,,0,0,,k.A.,k.A.,0,k.A.,,,,,,,,,,,,,,,,,,,,,,,,,,,,,,,,,,,,,,,,,,,,,
Malaysia,15341,5048149,317,82,84,9685,6085,17,4056,128,9,550,1050,+,,,,,,,,,,,,,,,,,,,,,,,,,,,,,,,,,,,,,,,,,,,,,
Mali,71011,8332138,k.A.,k.A.,350,70000,9676,2,891,-433,2,120,0,+,,,,,,,,,,,,,,,,,,,,,,,,,,,,,,,,,,,,,,,,,,,,,
Malta,k.A.,k.A.,k.A.,22,k.A.,k.A.,,k.A.,k.A.,,1,k.A.,k.A.,k.A.,,,,,,,,,,,,,,,,,,,,,,,,,,,,,,,,,,,,,,,,,,,,,
Marokko,38421,7730620,16285,209,300,25000,3500,9,400,-340,140,8283,4738,+,,,,,,,,,,,,,,,,,,,,,,,,,,,,,,,,,,,,,,,,Die politische Instabiltät hat inzwischen auch Auswirkungen auf das Schu,,,,,auf die Schule. Die ohnehin schwierigen Rahmenbedingungen haben sich weiter verschlechtert.
Mexiko,85896,30733377,35150,300,1000,22000,-5000,250,34393,16393,370,18413,11090,-,,,,,,,,,,,,,,,,,,,,,,,,,,,,,,,,,,,,,,,,,,,,,
Moldau,1000,k.A.,k.A.,149,91,k.A.,,k.A.,k.A.,,k.A.,k.A.,1000,k.A.,,,,,,,,,,,,,,,,,,,,,,,,,,,,,,,,,,,,,,,,,,,,,
Mongolei,8798,593150,803,15,51,4468,1798,6,737,288,31,2870,723,+,,,,,,,,,,,,,,,,,,,,,,,,,,,,,,,,,,,,,,,,,,,,,
Montenegro,18267,95392,213,213,70,18267,12103,1,k.A.,,1,k.A.,0,+,,,,,,,,,,,,,,,,,,,,,,,,,,,,,,,,,,,,,,,,,,,,,
Mosambik,300,8021162,k.A.,3,4,176,-24,1,31,,k.A.,k.A.,93,-,,,,,,,,,,,,,,,,,,,,,,,,,,,,,,,,,,,,,,,,,,,,,
Myanmar,1634,k.A.,k.A.,4,44,196,,3,635,357,0,0,803,k.A.,,,,,,,,,,,,,,,,,,,,,,,,,,,,,,,,,,,,,,,,,,,,,
Namibia,9248,733000,733000,55,97,7500,-130,2,100,-86,3,974,674,-,,,,,,,,,,,,,,,,,,,,,,,,,,,,,,,,,,,,,,,,,,,,,
Nepal,4017,7391524,15000,4,4,491,,1,375,-250,11,1960,1191,k.A.,,,,,,,,,,,,,,,,,,,,,,,,,,,,,,,,,,,,,,,,,,,,,
Neuseeland,4907,804466,498,76,80,3111,-10824,5,849,165,7,40,907,-,,,,,,,,,,,,,,,,,,,,,,,,,,,,,,,,,,,,,,,,,,,,,
Nicaragua,1943,1700000,k.A.,2,8,1313,376,4,365,-433,2,265,k.A.,+,,,,,,,,,,,,,,,,,,,,,,,,,,,,,,,,,,,,,,,,,,,,,
Niederlande,534557,3002364,8236,1095,3660,528221,148221,26,3728,-25580,68,500,2108,+,,,,,,,,,,,,,,,,,,,,,,,,,,,,,,,,,,,,,,,,,,,,,
Nigeria,10340,63961333,k.A.,15,20,1100,,13,3740,,25,4500,1000,k.A. ,,,,,,,,,,,,,,,,,,,,,,,,,,,,,,,,,,,,,,,,,,,,,
Nordkorea (Demokratische Volksrepublik Korea),302,k.A.,k.A.,1,k.A.,90,,3,212,,k.A.,k.A.,k.A.,k.A.,,,,,,,,,,,,,,,,,,,,,,,,,,,,,,,,,,,,,,,,,,,,,
Nordmazedonien,69300,259752,473,256,552,66451,5194,82,656,-1685,34,k.A.,2193,+,,,,,,,,,,,,,,,,,,,,,,,,,,,,,,,,,,,,,,,,,,,,,
Norwegen,79815,824850,3252,1667,3334,79101,6101,6,527,-90,4,187,0,+,,,,,,,,,,,,,,,,,,,,,,,,,,,,,,,,,,,,,,,,,,,,,
Oman,1436,748464,748464,7,11,k.A.,,4,803,48,k.A,k.A,633,k.A.,,,,,,,,,,,,,,,,,,,,,,,,,,,,,,,,,,,,,,,,,,,,,
Pakistan,13249,28600000,34,34,55,9000,,12,1216,,5,550,2483,k.A.,,,,,,,,,,,,,,,,,,,,,,,,,,,,,,,,,,,,,,,,,,,,,
Palästinensische Gebiete,3971,1282054,1217,11,37,2865,-577,2,164,-191,40,0,942,-,,,,,,,,,,,,,,,,,,,,,,,,,,,,,,,,,,,,,,,,,,,,,
Panama,792,597698,50,2,6,532,32,1,185,150,2,75,0,+,,,,,,,,,,,,,,,,,,,,,,,,,,,,,,,,,,,,,,,,,,,,,
Paraguay,6241,2087981,k.A.,19,183,5000,0,2,156,85,2,181,904,=,,,,,,,,,,,,,,,,,,,,,,,,,,,,,,,,,,,,,,,,,,,,,
Peru,18753,8728900,k.A.,23,185,11253,2003,7,1900,1765,15,800,4800,+,,,,,,,,,,,,,,,,,,,,,,,,,,,,,,,,,,,,,,,,,,,,,
Philippinen,9589,23810504,243,11,31,987,-79,5,1345,895,32,6500,757,-,,,,,,,,,,,,,,,,,,,,,,,,,,,,,,,,,,,,,,,,,,,,,
Polen,1953014,5598562,34749,11779,20000,1840244,-298826,397,56381,-40174,742,52000,4389,-,,,,,,,,,,,,,,,,,,,,,,,,,,,,,,,,,,,,,,,,,,,,,
Portugal,19158,1493871,13749,160,250,10342,5875,20,4885,2853,60,1200,2731,+,,,,,,,,,,,,,,,,,,,,,,,,,,,,,,,,,,,,,,,,,,,,,
Ruanda,490,280,1,1,5,280,,0,0,,0,0,210,k.A. ,,,,,,,,,,,,,,,,,,,,,,,,,,,,,,,,,,,,,,,,,,,,,
Rumänien,205207,2873051,18807,1058,1758,194124,20956,k.A.,6483,,k.A.,k.A.,4600,+,,,,,,,,,,,,,,,,,,,,,,,,,,,,,,,,,,,,,,,,,,,,,
Russische Föderation,1796511,16137286,40498,16099,12180,1372711,243693,600,360000,-40000,456,55000,8800,+,,,,,,,,,,,,,,,,,,,,,,,,,,,,,,,,,,,,,,,,,,,,,
Sambia,k.A.,4139390,k.A.,k.A.,k.A.,k.A.,,0,k.A.,,k.A.,k.A.,k.A.,k.A. ,,,,,,,,,,,,,,,,,,,,,,,,,,,,,,,,,,,,,,,,,,,,,
Saudi-Arabien,2340,6187776,31000,4,25,500,,3,200,97,4,140,1500,k.A.,,,,,,,,,,,,,,,,,,,,,,,,,,,,,,,,,,,,,,,,,,,,,
Schweden,103921,2490449,6141,5160,3081,98577,7209,11,2190,256,7,3054,100,+,,,,,,,,,,,,,,,,,,,,,,,,,,,,,,,,,,,,,,,,,,,,,
Senegal,16465,1061581,2241,199,201,14963,-1670,3,620,0,3,0,882,-,,,,,,,,,,,,,,,,,,,,,,,,,,,,,,,,,,,,,,,,,,,,,
Serbien,171233,784068,3900,2347,700,165986,30986,6,2547,256,k.A.,k.A.,2700,+,,,,,,,,,,,,,,,,,,,,,,,,,,,,,,,,,,,,,,,,,,,,,
Simbabwe,1049,6298795,k.A.,2,k.A.,70,,1,62,,20,443,474,k.A. ,,,,,,,,,,,,,,,,,,,,,,,,,,,,,,,,,,,,,,,,,,,,,
Singapur,5570,485045,k.A.,7,29,1090,0,3,1563,653,6,k.A.,2917,=,,,,,,,,,,,,,,,,,,,,,,,,,,,,,,,,,,,,,,,,,,,,,
Slowakische Republik,161019,653877,2926,2087,3247,161019,-92740,9,0,-1506,0,0,0,-,,,,,,,,,,,,,,,,,,,,,,,,,,,,,,,,,,,,,,,,,,,,,
Slowenien,63944,346585,636,417,500,61819,-1909,30,1717,1717,k.A.,k.A.,408,-,,,,,,,,,,,,,,,,,,,,,,,,,,,,,,,,,,,,,,,,,,,,,
Spanien,184556,8135876,32081,2000,4800,131010,43252,48,5435,-191,215,41800,6311,+,,,,,,,,,,,,,,,,,,,,,,,,,,,,,,,,,,,,,,,,,,,,,
Sri Lanka,11230,4367493,4367493,58,90,6720,4320,8,2010,1410,10,850,1650,+,,,,,,,,,,,,,,,,,,,,,,,,,,,,,,,,,,,,,,,,,,,,,
Sudan,2375,k.A.,k.A.,0,9,k.A.,,1,90,,6,400,1885,k.A. ,,,,,,,,,,,,,,,,,,,,,,,,,,,,,,,,,,,,,,,,,,,,,
Südafrika ,10668,12932565,300,64,267,7330,-578,8,909,38,11,1271,1158,-,,,,,,,,,,,,,,,,,,,,,,,,,,,,,,,,,,,,,,,,,,,,,
Südkorea (Republik Korea),34194,6635855,20967,49,31,5474,-6184,100,24121,15275,20,k.A.,4599,-,,,,,,,,,,,,,,,,,,,,,,,,,,,,,,,,,,,,,,,,,,,,,
Tadschikistan,36979,1970000,3750,35,250,32000,-30,20,4000,214,12,k.A.,979,-,,,,,,,,,,,,,,,,,,,,,,,,,,,,,,,,,,,,,,,,,,,,,
Tansania,910,4300000,4000,3,6,250,,0,0,-15,2,150,510,k.A. ,,,,,,,,,,,,,,,,,,,,,,,,,,,,,,,,,,,,,,,,,,,,,
Thailand,17846,10284820,42855,48,73,8075,4434,14,2120,474,22,750,6901,+,,,,,,,,,,,,,,,,,,,,,,,,,,,,,,,,,,,,,,,,,,,,,
Togo,79685,2457616,5213,528,473,61667,-22328,2,14274,7304,1,8,3736,-,,,,,,,,,,,,,,,,,,,,,,,,,,,,,,,,,,,,,,,,,,,,,
Tschechische Republik,352980,1747747,5536,3398,6832,350558,34149,54,k.A.,,k.A.,k.A.,2422,+,,,,,,,,,,,,,,,,,,,,,,,,,,,,,,,,,,,,,,,,,,,,,
Tunesien,47897,2020588,6000,543,487,39758,3908,22,1839,74,80,4000,2300,+,,,,,,,,,,,,,,,,,,,,,,,,,,,,,,,,,,,,,,,,,,,,,
Turkmenistan,31614,1236700,k.A.,55,k.A. ,30593,,3,k.A.,,k.A. ,k.A.,1021,k.A.,,,,,,,,,,,,,,,,,,,,,,,,,,,,,,,,,,,,,,,,,,,,,
Türkei,184419,17885248,55493,k.A.,6543,169441,-280559,53,k.A.,,k.A.,k.A.,14978,-,,,,,,,,,,,,,,,,,,,,,,,,,,,,,,,,,,,,,,,,,,,,,
Uganda,7704,k.A.,k.A.,14,37,6104,4604,2,600,200,4,k.A.,1000,+,,,,,,,,,,,,,,,,,,,,,,,,,,,,,,,,,,,,,,,,,,,,,
Ukraine,669043,5536643,17636,5236,5581,627531,-11512,100,29000,-38417,41,6512,6000,-,,,,,,,,,,,,,,,,,,,,,,,,,,,,,,,,,,,,,,,,,,,,,
Ungarn,323072,1469172,3745,2700,5488,314478,-112092,56,6356,743,k.A.,k.A.,2238,-,,,,,,,,,,,,,,,,,,,,,,,,,,,,,,,,,,,,,,,,,,,,,
Uruguay,3955,683346,k.A.,7,97,2202,581,2,144,-6,5,205,1404,+,,,,,,,,,,,,,,,,,,,,,,,,,,,,,,,,,,,,,,,,,,,,,
USA,421735,54110970,17778,1548,172500,330898,-69102,990,80594,-15755,59,6040,4203,-,,,,,,,,,,,,,,,,,,,,,,,,,,,,,,,,,,,,,,,,,,,,,
Usbekistan,406166,5835694,9691,1276,3254,361767,-110601,48,39043,7043,15,1850,3506,-,,,,,,,,,,,,,,,,,,,,,,,,,,,,,,,,,,,,,,,,,,,,,
Venezuela,5232,7623892,k.A.,4,36,1962,-823,4,167,-100,3,1678,1425,-,,,,,,,,,,,,,,,,,,,,,,,,,,,,,,,,,,,,,,,,,,,,,
Vereinigte  Arabische Emirate,7707,287725,624,6,12,k.A.,,3,775,528,9,5632,1300,k.A.,,,,,,,,,,,,,,,,,,,,,,,,,,,,,,,,,,,,,,,,,,,,,
Vietnam SR,13740,15923710,22735,30,52,3196,1237,6,1632,-289,k.A.,k.A.,8912,+,,,,,,,,,,,,,,,,,,,,,,,,,,,,,,,,,,,,,,,,,,,,,
Zentralafrikanische Republik,2530,1313865,219,5,4,2460,,0,0,,1,70,0,k.A. ,,,,,,,,,,,,,,,,,,,,,,,,,,,,,,,,,,,,,,,,,,,,,
Zypern (Republik),2045,110694,527,21,16,1120,,3,200,-218,27,305,420,k.A.,,,,,,,,,,,,,,,,,,,,,,,,,,,,,,,,,,,,,,,,,,,,,
,,,,,,,,,,,,,,,,,,,,,,,,,,,,,,,,,,,,,,,,,,,,,,,,,,,,,,,,,,,
Summe 2020,15453528,,,,,13399937,,,1270921,,,473994,308676,,,,,,,,,,,,,,,,,,,,,,,,,,,,,,,,,,,,,,,,,,,,,,
,,,,,,,,,,,,,,,,,,,,,,,,,,,,,,,,,,,,,,,,,,,,,,,,,,,,,,,,,,,
Anmerkungen:,,,,,,,,,,,,,,,,,,,,,,,,,,,,,,,,,,,,,,,,,,,,,,,,,,,,,,,,,,,
1 Angola: Theoretisch sollte es mehr als 1 Deutsch lernende Person geben. Für alle Bereiche außer dem außerschul./außeruniv. Bereich sind jedoch keine genauen Angaben möglich.,,,,,,,,,,,,,,,,,,,,,,,,,,,,,,,,,,,,,,,,,,,,,,,,,,,,,,,,,,,
2 Benin: Die Gesamtanzahl an Schüler*innen im Gastland bezieht sich in der aktuellen Abfrage nur auf Schüler*innen an öffentlichen Sekundarschulen.,,,,,,,,,,,,,,,,,,,,,,,,,,,,,,,,,,,,,,,,,,,,,,,,,,,,,,,,,,,
"3 China VR und Hongkong: In 2015 wurde Hongkong zu China gezählt. Für 2020 sind China VR und HK getrennt aufgeführt. Werte von 2015 wurden darum soweit möglich von den ausfüllenden Personen ergänzt, sind aber teilw. rückwirkend geschätzt.",,,,,,,,,,,,,,,,,,,,,,,,,,,,,,,,,,,,,,,,,,,,,,,,,,,,,,,,,,,
4 Kroatien: Die Angaben für außerschul./ außeruniv. DaF-Einrichtungen beziehen sich nur auf Zagreb.,,,,,,,,,,,,,,,,,,,,,,,,,,,,,,,,,,,,,,,,,,,,,,,,,,,,,,,,,,,
"5 Philippinen: Für die Schulen mit Fremdsprachenunterricht wurde Englisch nicht als Fremdsprache gezählt, da sowohl Filipino/ Tagalog als auch Englisch Amtssprachen sind.",,,,,,,,,,,,,,,,,,,,,,,,,,,,,,,,,,,,,,,,,,,,,,,,,,,,,,,,,,,
6 Tschech. Rep.: Es konnten keine genauen Angaben zu Deutsch lernenden Studierenden gemacht werden. Es konnten aber 9238 DaF-Studierende an gut der Hälfte der befragten Hochschulen erfasst werden.,,,,,,,,,,,,,,,,,,,,,,,,,,,,,,,,,,,,,,,,,,,,,,,,,,,,,,,,,,,
7 U.S.A.: Der hier angegebene Wert der Anzahl aller Deutschlehrkräfte bezieht sich auf die Lehrkräfte aller Fremdsprachen (Quelle: FLE Report). Geschätzt gibt es ca. 20.000 DaF-Lehrkräfte in den USA.,,,,,,,,,,,,,,,,,,,,,,,,,,,,,,,,,,,,,,,,,,,,,,,,,,,,,,,,,,,
,,,,,,,,,,,,,,,,,,,,,,,,,,,,,,,,,,,,,,,,,,,,,,,,,,,,,,,,,,,
Legende Perspektive Schulbereich,,,,,,,,,,,,,,,,,,,,,,,,,,,,,,,,,,,,,,,,,,,,,,,,,,,,,,,,,,,
positiver Trend: +,,,,,,,,,,,,,,,,,,,,,,,,,,,,,,,,,,,,,,,,,,,,,,,,,,,,,,,,,,,
negativer Trend: -,,,,,,,,,,,,,,,,,,,,,,,,,,,,,,,,,,,,,,,,,,,,,,,,,,,,,,,,,,,
gleichbleibender Trend: =,,,,,,,,,,,,,,,,,,,,,,,,,,,,,,,,,,,,,,,,,,,,,,,,,,,,,,,,,,,
keine Angabe möglich: k.A.,,,,,,,,,,,,,,,,,,,,,,,,,,,,,,,,,,,,,,,,,,,,,,,,,,,,,,,,,,,